{
    "note": "Hello! If you change this file manually, please be sure to restart your changedetection.io instance!",
    "watching": {
        "bd90d029-a7c5-410e-ad35-df6e8d014ff9": {
            "body": null,
            "check_unique_lines": false,
            "check_count": 1,
            "consecutive_filter_failures": 0,
            "extract_text": [],
            "extract_title_as_title": false,
            "fetch_backend": "html_requests",
            "filter_failure_notification_send": 1,
            "has_ldjson_price_data": false,
            "track_ldjson_price_data": null,
            "headers": {},
            "ignore_text": [],
            "include_filters": [],
            "last_checked": 1670933370,
            "last_error": false,
            "last_viewed": 0,
            "method": "GET",
            "notification_body": null,
            "notification_format": "System default",
            "notification_muted": false,
            "notification_title": null,
            "notification_screenshot": false,
            "notification_urls": [],
            "paused": false,
            "previous_md5": "6b89de03130d896c909c2ee2c9f0e54f",
            "proxy": null,
            "subtractive_selectors": [],
            "tag": "Tech news",
            "text_should_not_be_present": [],
            "time_between_check": {
                "weeks": null,
                "days": null,
                "hours": null,
                "minutes": null,
                "seconds": null
            },
            "title": null,
            "trigger_text": [],
            "url": "https://news.ycombinator.com/",
            "uuid": "bd90d029-a7c5-410e-ad35-df6e8d014ff9",
            "webdriver_delay": null,
            "webdriver_js_execute_code": null,
            "last_notification_error": false,
            "last_check_status": 200,
            "fetch_time": 1.226
        },
        "ca0bdc63-fe1a-4e0e-9b87-46826c27120b": {
            "body": null,
            "check_unique_lines": false,
            "check_count": 1,
            "consecutive_filter_failures": 0,
            "extract_text": [],
            "extract_title_as_title": false,
            "fetch_backend": "html_requests",
            "filter_failure_notification_send": 1,
            "has_ldjson_price_data": null,
            "track_ldjson_price_data": null,
            "headers": {},
            "ignore_text": [],
            "include_filters": [],
            "last_checked": 1670933371,
            "last_error": false,
            "last_viewed": 0,
            "method": "GET",
            "notification_body": null,
            "notification_format": "System default",
            "notification_muted": false,
            "notification_title": null,
            "notification_screenshot": false,
            "notification_urls": [],
            "paused": false,
            "previous_md5": "ceb945740a0e0201dc74e47edfa1cf7a",
            "proxy": null,
            "subtractive_selectors": [],
            "tag": "changedetection.io",
            "text_should_not_be_present": [],
            "time_between_check": {
                "weeks": null,
                "days": null,
                "hours": null,
                "minutes": null,
                "seconds": null
            },
            "title": null,
            "trigger_text": [],
            "url": "https://changedetection.io/CHANGELOG.txt",
            "uuid": "ca0bdc63-fe1a-4e0e-9b87-46826c27120b",
            "webdriver_delay": null,
            "webdriver_js_execute_code": null,
            "last_notification_error": false,
            "last_check_status": 200,
            "fetch_time": 1.674
        },
        "9a2edbf0-d330-47cb-924a-87fc4d742c95": {
            "body": "",
            "check_unique_lines": false,
            "check_count": 42,
            "consecutive_filter_failures": 0,
            "extract_text": [],
            "extract_title_as_title": false,
            "fetch_backend": "html_requests",
            "filter_failure_notification_send": true,
            "has_ldjson_price_data": false,
            "track_ldjson_price_data": null,
            "headers": {},
            "ignore_text": [],
            "include_filters": [],
            "last_checked": 1670934437,
            "last_error": false,
            "last_viewed": 1670934658,
            "method": "GET",
            "notification_body": "",
            "notification_format": "System default",
            "notification_muted": false,
            "notification_title": "",
            "notification_screenshot": false,
            "notification_urls": [],
            "paused": false,
            "previous_md5": "afd2f5d8f76431b96d22c0bcf48262b6",
            "proxy": null,
            "subtractive_selectors": [],
            "tag": "",
            "text_should_not_be_present": [],
            "time_between_check": {
                "weeks": null,
                "days": null,
                "hours": null,
                "minutes": null,
                "seconds": null
            },
            "title": "",
            "trigger_text": [],
            "url": "https://www.timeanddate.com/worldclock/",
            "uuid": "9a2edbf0-d330-47cb-924a-87fc4d742c95",
            "webdriver_delay": null,
            "webdriver_js_execute_code": "",
            "last_notification_error": false,
            "last_check_status": 200,
            "fetch_time": 0.255,
            "ignore_status_codes": false,
            "save_button": true
        },
        "f591be6d-4fde-4fd6-860b-e6ac5344580b": {
            "body": "",
            "check_unique_lines": false,
            "check_count": 12,
            "consecutive_filter_failures": 0,
            "extract_text": [],
            "extract_title_as_title": false,
            "fetch_backend": "html_requests",
            "filter_failure_notification_send": true,
            "has_ldjson_price_data": false,
            "track_ldjson_price_data": null,
            "headers": {},
            "ignore_text": [],
            "include_filters": [],
            "last_checked": 1670934675,
            "last_error": false,
            "last_viewed": 0,
            "method": "GET",
            "notification_body": "",
            "notification_format": "System default",
            "notification_muted": false,
            "notification_title": "",
            "notification_screenshot": false,
            "notification_urls": [],
            "paused": false,
            "previous_md5": "92fa64e8da28685f7cd5379322d5b644",
            "proxy": null,
            "subtractive_selectors": [],
            "tag": "",
            "text_should_not_be_present": [],
            "time_between_check": {
                "weeks": null,
                "days": null,
                "hours": 0,
                "minutes": null,
                "seconds": 3
            },
            "title": "",
            "trigger_text": [],
            "url": "https://www.bobfinancial.com/index.jsp#benefit-on-card",
            "uuid": "f591be6d-4fde-4fd6-860b-e6ac5344580b",
            "webdriver_delay": null,
            "webdriver_js_execute_code": "",
            "last_notification_error": false,
            "last_check_status": 200,
            "fetch_time": 0.205,
            "ignore_status_codes": false,
            "save_button": true
        },
        "02ace856-bcf7-4c43-b980-2e3e7df7fa1b": {
            "body": null,
            "check_unique_lines": false,
            "check_count": 1,
            "consecutive_filter_failures": 0,
            "extract_text": [],
            "extract_title_as_title": false,
            "fetch_backend": "html_requests",
            "filter_failure_notification_send": 1,
            "has_ldjson_price_data": false,
            "track_ldjson_price_data": null,
            "headers": {},
            "ignore_text": [],
            "include_filters": [],
            "last_checked": 1670934594,
            "last_error": false,
            "last_viewed": 0,
            "method": "GET",
            "notification_body": null,
            "notification_format": "System default",
            "notification_muted": false,
            "notification_title": null,
            "notification_screenshot": false,
            "notification_urls": [],
            "paused": false,
            "previous_md5": "689c59bb62094d13bf90f0b074f9fe5c",
            "proxy": null,
            "subtractive_selectors": [],
            "tag": "",
            "text_should_not_be_present": [],
            "time_between_check": {
                "weeks": null,
                "days": null,
                "hours": null,
                "minutes": null,
                "seconds": null
            },
            "title": null,
            "trigger_text": [],
            "url": "https://www.sbicard.com/sbi-card-en/assets/docs/pdf/personal/credit-cards/travel/air-india-enrollment-faq.pdf",
            "uuid": "02ace856-bcf7-4c43-b980-2e3e7df7fa1b",
            "webdriver_delay": null,
            "webdriver_js_execute_code": null,
            "last_notification_error": false,
            "last_check_status": 200,
            "fetch_time": 11.541
        }
    },
    "settings": {
        "headers": {},
        "requests": {
            "timeout": 45,
            "time_between_check": {
                "weeks": null,
                "days": null,
                "hours": 3,
                "minutes": null,
                "seconds": null
            },
            "jitter_seconds": 0,
            "workers": 10,
            "proxy": null
        },
        "application": {
            "api_access_token_enabled": true,
            "password": false,
            "base_url": "",
            "extract_title_as_title": false,
            "empty_pages_are_a_change": false,
            "css_dark_mode": false,
            "fetch_backend": "html_requests",
            "filter_failure_notification_threshold_attempts": 6,
            "global_ignore_text": [],
            "global_subtractive_selectors": [],
            "ignore_whitespace": true,
            "render_anchor_tag_content": false,
            "notification_urls": [],
            "notification_title": "ChangeDetection.io Notification - {{watch_url}}",
            "notification_body": "{{watch_url}} had a change.\n---\n{{diff}}\n---\n",
            "notification_format": "Text",
            "schema_version": 9,
            "webdriver_delay": null,
            "rss_access_token": "625926c60f03736c95dafa52d69ec884",
            "api_access_token": "825c8821954774193a74d258c562b137"
        }
    },
    "version_tag": "0.40.0.2",
    "app_guid": "c550784c-95f5-4276-825e-7b8216532703"
}